valid_time,turbine_id,power_normalized
2026-01-16T00:00:00+00:00,turbine_1,0.095
2026-01-16T00:00:00+00:00,turbine_2,0.098333333333333
2026-01-16T01:00:00+00:00,turbine_1,0.138333333333333
2026-01-16T01:00:00+00:00,turbine_2,0.14
2026-01-16T02:00:00+00:00,turbine_1,0.073333333333333
2026-01-16T02:00:00+00:00,turbine_2,0.083333333333333
2026-01-16T03:00:00+00:00,turbine_1,0.05
2026-01-16T03:00:00+00:00,turbine_2,0.048333333333333
2026-01-16T04:00:00+00:00,turbine_1,0.04
2026-01-16T04:00:00+00:00,turbine_2,0.036666666666667
2026-01-16T05:00:00+00:00,turbine_1,0.013333333333333
2026-01-16T05:00:00+00:00,turbine_2,0.013333333333333
2026-01-16T06:00:00+00:00,turbine_1,0.031666666666667
2026-01-16T06:00:00+00:00,turbine_2,0.041666666666667
2026-01-16T07:00:00+00:00,turbine_1,0.02
2026-01-16T07:00:00+00:00,turbine_2,0.026666666666667
2026-01-16T08:00:00+00:00,turbine_1,0.03
2026-01-16T08:00:00+00:00,turbine_2,0.018333333333333
2026-01-16T09:00:00+00:00,turbine_1,0.071666666666667
2026-01-16T09:00:00+00:00,turbine_2,0.026666666666667
2026-01-16T10:00:00+00:00,turbine_1,0.016666666666667
2026-01-16T10:00:00+00:00,turbine_2,0.026666666666667
2026-01-16T11:00:00+00:00,turbine_1,0.048333333333333
2026-01-16T11:00:00+00:00,turbine_2,0.025
2026-01-16T12:00:00+00:00,turbine_1,0.04
2026-01-16T12:00:00+00:00,turbine_2,0.036666666666667
2026-01-16T13:00:00+00:00,turbine_1,0.09
2026-01-16T13:00:00+00:00,turbine_2,0.105
2026-01-16T14:00:00+00:00,turbine_1,0.23
2026-01-16T14:00:00+00:00,turbine_2,0.215
2026-01-16T15:00:00+00:00,turbine_1,0.383333333333333
2026-01-16T15:00:00+00:00,turbine_2,0.428333333333333
2026-01-16T16:00:00+00:00,turbine_1,0.375
2026-01-16T16:00:00+00:00,turbine_2,0.455
2026-01-16T17:00:00+00:00,turbine_1,0.446666666666667
2026-01-16T17:00:00+00:00,turbine_2,0.45
2026-01-16T18:00:00+00:00,turbine_1,0.605
2026-01-16T18:00:00+00:00,turbine_2,0.671666666666667
2026-01-16T19:00:00+00:00,turbine_1,0.766666666666667
2026-01-16T19:00:00+00:00,turbine_2,0.791666666666667
2026-01-16T20:00:00+00:00,turbine_1,0.971666666666667
2026-01-16T20:00:00+00:00,turbine_2,0.91
2026-01-16T21:00:00+00:00,turbine_1,0.928333333333333
2026-01-16T21:00:00+00:00,turbine_2,0.888333333333333
2026-01-16T22:00:00+00:00,turbine_1,0.876666666666667
2026-01-16T22:00:00+00:00,turbine_2,0.923333333333333
2026-01-16T23:00:00+00:00,turbine_1,0.85
2026-01-16T23:00:00+00:00,turbine_2,0.783333333333333
2026-01-17T00:00:00+00:00,turbine_1,0.968333333333333
2026-01-17T00:00:00+00:00,turbine_2,0.92
2026-01-17T01:00:00+00:00,turbine_1,0.96
2026-01-17T01:00:00+00:00,turbine_2,0.968333333333333
2026-01-17T02:00:00+00:00,turbine_1,0.895
2026-01-17T02:00:00+00:00,turbine_2,0.896666666666667
2026-01-17T03:00:00+00:00,turbine_1,0.825
2026-01-17T03:00:00+00:00,turbine_2,0.795
2026-01-17T04:00:00+00:00,turbine_1,0.816666666666666
2026-01-17T04:00:00+00:00,turbine_2,0.74
2026-01-17T05:00:00+00:00,turbine_1,0.903333333333333
2026-01-17T05:00:00+00:00,turbine_2,0.935
2026-01-17T06:00:00+00:00,turbine_1,0.7
2026-01-17T06:00:00+00:00,turbine_2,0.798333333333333
2026-01-17T07:00:00+00:00,turbine_1,0.62
2026-01-17T07:00:00+00:00,turbine_2,0.535
2026-01-17T08:00:00+00:00,turbine_1,0.408333333333333
2026-01-17T08:00:00+00:00,turbine_2,0.388333333333333
2026-01-17T09:00:00+00:00,turbine_1,0.418333333333333
2026-01-17T09:00:00+00:00,turbine_2,0.363333333333333
2026-01-17T10:00:00+00:00,turbine_1,0.283333333333333
2026-01-17T10:00:00+00:00,turbine_2,0.225
2026-01-17T11:00:00+00:00,turbine_1,0.131666666666667
2026-01-17T11:00:00+00:00,turbine_2,0.118333333333333
2026-01-17T12:00:00+00:00,turbine_1,0.051666666666667
2026-01-17T12:00:00+00:00,turbine_2,0.018333333333333
2026-01-17T13:00:00+00:00,turbine_1,0.063333333333333
2026-01-17T13:00:00+00:00,turbine_2,0.053333333333333
2026-01-17T14:00:00+00:00,turbine_1,0.088333333333333
2026-01-17T14:00:00+00:00,turbine_2,0.086666666666667
2026-01-17T15:00:00+00:00,turbine_1,0.053333333333333
2026-01-17T15:00:00+00:00,turbine_2,0.053333333333333
2026-01-17T16:00:00+00:00,turbine_1,0.033333333333333
2026-01-17T16:00:00+00:00,turbine_2,0.04
2026-01-17T17:00:00+00:00,turbine_1,0.01
2026-01-17T17:00:00+00:00,turbine_2,0.01
2026-01-17T18:00:00+00:00,turbine_1,0.01
2026-01-17T18:00:00+00:00,turbine_2,0.013333333333333
2026-01-17T19:00:00+00:00,turbine_1,0.028333333333333
2026-01-17T19:00:00+00:00,turbine_2,0.03
2026-01-17T20:00:00+00:00,turbine_1,0.013333333333333
2026-01-17T20:00:00+00:00,turbine_2,0.011666666666667
2026-01-17T21:00:00+00:00,turbine_1,0.01
2026-01-17T21:00:00+00:00,turbine_2,0.01
2026-01-17T22:00:00+00:00,turbine_1,0.01
2026-01-17T22:00:00+00:00,turbine_2,0.01
2026-01-17T23:00:00+00:00,turbine_1,0.01
2026-01-17T23:00:00+00:00,turbine_2,0.01
2026-01-18T00:00:00+00:00,turbine_1,0.01
2026-01-18T00:00:00+00:00,turbine_2,0.01
2026-01-18T01:00:00+00:00,turbine_1,0.01
2026-01-18T01:00:00+00:00,turbine_2,0.01
2026-01-18T02:00:00+00:00,turbine_1,0.01
2026-01-18T02:00:00+00:00,turbine_2,0.01
2026-01-18T03:00:00+00:00,turbine_1,0.01
2026-01-18T03:00:00+00:00,turbine_2,0.01
2026-01-18T04:00:00+00:00,turbine_1,0.01
2026-01-18T04:00:00+00:00,turbine_2,0.01
2026-01-18T05:00:00+00:00,turbine_1,0.01
2026-01-18T05:00:00+00:00,turbine_2,0.01
2026-01-18T06:00:00+00:00,turbine_1,0.013333333333333
2026-01-18T06:00:00+00:00,turbine_2,0.01
2026-01-18T07:00:00+00:00,turbine_1,0.01
2026-01-18T07:00:00+00:00,turbine_2,0.016666666666667
2026-01-18T08:00:00+00:00,turbine_1,0.011666666666667
2026-01-18T08:00:00+00:00,turbine_2,0.011666666666667
2026-01-18T09:00:00+00:00,turbine_1,0.096666666666667
2026-01-18T09:00:00+00:00,turbine_2,0.085
2026-01-18T10:00:00+00:00,turbine_1,0.051666666666667
2026-01-18T10:00:00+00:00,turbine_2,0.046666666666667
2026-01-18T11:00:00+00:00,turbine_1,0.153333333333333
2026-01-18T11:00:00+00:00,turbine_2,0.143333333333333
2026-01-18T12:00:00+00:00,turbine_1,0.233333333333333
2026-01-18T12:00:00+00:00,turbine_2,0.238333333333333
2026-01-18T13:00:00+00:00,turbine_1,0.351666666666667
2026-01-18T13:00:00+00:00,turbine_2,0.39
2026-01-18T14:00:00+00:00,turbine_1,0.375
2026-01-18T14:00:00+00:00,turbine_2,0.438333333333333
2026-01-18T15:00:00+00:00,turbine_1,0.231666666666667
2026-01-18T15:00:00+00:00,turbine_2,0.256666666666667
2026-01-18T16:00:00+00:00,turbine_1,0.168333333333333
2026-01-18T16:00:00+00:00,turbine_2,0.195
2026-01-18T17:00:00+00:00,turbine_1,0.12
2026-01-18T17:00:00+00:00,turbine_2,0.128333333333333
2026-01-18T18:00:00+00:00,turbine_1,0.191666666666667
2026-01-18T18:00:00+00:00,turbine_2,0.186666666666667
2026-01-18T19:00:00+00:00,turbine_1,0.203333333333333
2026-01-18T19:00:00+00:00,turbine_2,0.181666666666667
2026-01-18T20:00:00+00:00,turbine_1,0.291666666666667
2026-01-18T20:00:00+00:00,turbine_2,0.241666666666667
2026-01-18T21:00:00+00:00,turbine_1,0.306666666666667
2026-01-18T21:00:00+00:00,turbine_2,0.253333333333333
2026-01-18T22:00:00+00:00,turbine_1,0.316666666666667
2026-01-18T22:00:00+00:00,turbine_2,0.291666666666667
2026-01-18T23:00:00+00:00,turbine_1,0.225
2026-01-18T23:00:00+00:00,turbine_2,0.233333333333333
2026-01-19T00:00:00+00:00,turbine_1,0.356666666666667
2026-01-19T00:00:00+00:00,turbine_2,0.35
2026-01-19T01:00:00+00:00,turbine_1,0.615
2026-01-19T01:00:00+00:00,turbine_2,0.505
2026-01-19T02:00:00+00:00,turbine_1,0.535
2026-01-19T02:00:00+00:00,turbine_2,0.503333333333333
2026-01-19T03:00:00+00:00,turbine_1,0.391666666666667
2026-01-19T03:00:00+00:00,turbine_2,0.37
2026-01-19T04:00:00+00:00,turbine_1,0.338333333333333
2026-01-19T04:00:00+00:00,turbine_2,0.345
2026-01-19T05:00:00+00:00,turbine_1,0.47
2026-01-19T05:00:00+00:00,turbine_2,0.503333333333333
2026-01-19T06:00:00+00:00,turbine_1,0.348333333333333
2026-01-19T06:00:00+00:00,turbine_2,0.336666666666667
2026-01-19T07:00:00+00:00,turbine_1,0.135
2026-01-19T07:00:00+00:00,turbine_2,0.136666666666667
2026-01-19T08:00:00+00:00,turbine_1,0.266666666666667
2026-01-19T08:00:00+00:00,turbine_2,0.213333333333333
2026-01-19T09:00:00+00:00,turbine_1,0.315
2026-01-19T09:00:00+00:00,turbine_2,0.311666666666667
2026-01-19T10:00:00+00:00,turbine_1,0.331666666666667
2026-01-19T10:00:00+00:00,turbine_2,0.226666666666667
2026-01-19T11:00:00+00:00,turbine_1,0.286666666666667
2026-01-19T11:00:00+00:00,turbine_2,0.301666666666667
2026-01-19T12:00:00+00:00,turbine_1,0.37
2026-01-19T12:00:00+00:00,turbine_2,0.333333333333333
2026-01-19T13:00:00+00:00,turbine_1,0.356666666666667
2026-01-19T13:00:00+00:00,turbine_2,0.291666666666667
2026-01-19T14:00:00+00:00,turbine_1,0.313333333333333
2026-01-19T14:00:00+00:00,turbine_2,0.305
2026-01-19T15:00:00+00:00,turbine_1,0.288333333333333
2026-01-19T15:00:00+00:00,turbine_2,0.28
2026-01-19T16:00:00+00:00,turbine_1,0.263333333333333
2026-01-19T16:00:00+00:00,turbine_2,0.168333333333333
2026-01-19T17:00:00+00:00,turbine_1,0.228333333333333
2026-01-19T17:00:00+00:00,turbine_2,0.306666666666667
2026-01-19T18:00:00+00:00,turbine_1,0.421666666666667
2026-01-19T18:00:00+00:00,turbine_2,0.481666666666667
2026-01-19T19:00:00+00:00,turbine_1,0.361666666666667
2026-01-19T19:00:00+00:00,turbine_2,0.295
2026-01-19T20:00:00+00:00,turbine_1,0.326666666666667
2026-01-19T20:00:00+00:00,turbine_2,0.248333333333333
2026-01-19T21:00:00+00:00,turbine_1,0.033333333333333
2026-01-19T21:00:00+00:00,turbine_2,0.018333333333333
2026-01-19T22:00:00+00:00,turbine_1,0.07
2026-01-19T22:00:00+00:00,turbine_2,0.06
2026-01-19T23:00:00+00:00,turbine_1,0.015
2026-01-19T23:00:00+00:00,turbine_2,0.02
2026-01-20T00:00:00+00:00,turbine_1,0.01
2026-01-20T00:00:00+00:00,turbine_2,0.01
2026-01-20T01:00:00+00:00,turbine_1,0.01
2026-01-20T01:00:00+00:00,turbine_2,0.01
2026-01-20T02:00:00+00:00,turbine_1,0.01
2026-01-20T02:00:00+00:00,turbine_2,0.008333333333333
2026-01-20T03:00:00+00:00,turbine_1,0.01
2026-01-20T03:00:00+00:00,turbine_2,0.01
2026-01-20T04:00:00+00:00,turbine_1,0.013333333333333
2026-01-20T04:00:00+00:00,turbine_2,0.011666666666667
2026-01-20T05:00:00+00:00,turbine_1,0.108333333333333
2026-01-20T05:00:00+00:00,turbine_2,0.075
2026-01-20T06:00:00+00:00,turbine_1,0.035
2026-01-20T06:00:00+00:00,turbine_2,0.02
2026-01-20T07:00:00+00:00,turbine_1,0.01
2026-01-20T07:00:00+00:00,turbine_2,0.01
2026-01-20T08:00:00+00:00,turbine_1,0.01
2026-01-20T08:00:00+00:00,turbine_2,0.008333333333333
2026-01-20T09:00:00+00:00,turbine_1,0.01
2026-01-20T09:00:00+00:00,turbine_2,0.008333333333333
2026-01-20T10:00:00+00:00,turbine_1,0.018333333333333
2026-01-20T10:00:00+00:00,turbine_2,0.02
2026-01-20T11:00:00+00:00,turbine_1,0.051666666666667
2026-01-20T11:00:00+00:00,turbine_2,0.06
2026-01-20T12:00:00+00:00,turbine_1,0.018333333333333
2026-01-20T12:00:00+00:00,turbine_2,0.011666666666667
2026-01-20T13:00:00+00:00,turbine_1,0.03
2026-01-20T13:00:00+00:00,turbine_2,0.033333333333333
2026-01-20T14:00:00+00:00,turbine_1,0.093333333333333
2026-01-20T14:00:00+00:00,turbine_2,0.083333333333333
2026-01-20T15:00:00+00:00,turbine_1,0.035
2026-01-20T15:00:00+00:00,turbine_2,0.04
2026-01-20T16:00:00+00:00,turbine_1,0.013333333333333
2026-01-20T16:00:00+00:00,turbine_2,0.016666666666667
2026-01-20T17:00:00+00:00,turbine_1,0.01
2026-01-20T17:00:00+00:00,turbine_2,0.008333333333333
2026-01-20T18:00:00+00:00,turbine_1,0.01
2026-01-20T18:00:00+00:00,turbine_2,0.01
2026-01-20T19:00:00+00:00,turbine_1,0.01
2026-01-20T19:00:00+00:00,turbine_2,0.01
2026-01-20T20:00:00+00:00,turbine_1,0.01
2026-01-20T20:00:00+00:00,turbine_2,0.01
2026-01-20T21:00:00+00:00,turbine_1,0.01
2026-01-20T21:00:00+00:00,turbine_2,0.01
2026-01-20T22:00:00+00:00,turbine_1,0.041666666666667
2026-01-20T22:00:00+00:00,turbine_2,0.035
2026-01-20T23:00:00+00:00,turbine_1,0.183333333333333
2026-01-20T23:00:00+00:00,turbine_2,0.16
2026-01-21T00:00:00+00:00,turbine_1,0.273333333333333
2026-01-21T00:00:00+00:00,turbine_2,0.263333333333333
2026-01-21T01:00:00+00:00,turbine_1,0.26
2026-01-21T01:00:00+00:00,turbine_2,0.296666666666667
2026-01-21T02:00:00+00:00,turbine_1,0.391666666666667
2026-01-21T02:00:00+00:00,turbine_2,0.44
2026-01-21T03:00:00+00:00,turbine_1,0.673333333333333
2026-01-21T03:00:00+00:00,turbine_2,0.651666666666667
2026-01-21T04:00:00+00:00,turbine_1,0.801666666666667
2026-01-21T04:00:00+00:00,turbine_2,0.835
2026-01-21T05:00:00+00:00,turbine_1,0.946666666666667
2026-01-21T05:00:00+00:00,turbine_2,0.945
2026-01-21T06:00:00+00:00,turbine_1,0.886666666666667
2026-01-21T06:00:00+00:00,turbine_2,0.886666666666667
2026-01-21T07:00:00+00:00,turbine_1,0.993333333333333
2026-01-21T07:00:00+00:00,turbine_2,0.981666666666667
2026-01-21T08:00:00+00:00,turbine_1,0.99
2026-01-21T08:00:00+00:00,turbine_2,0.986666666666667
2026-01-21T09:00:00+00:00,turbine_1,0.99
2026-01-21T09:00:00+00:00,turbine_2,0.99
2026-01-21T10:00:00+00:00,turbine_1,0.946666666666667
2026-01-21T10:00:00+00:00,turbine_2,0.933333333333333
2026-01-21T11:00:00+00:00,turbine_1,0.99
2026-01-21T11:00:00+00:00,turbine_2,0.988333333333333
2026-01-21T12:00:00+00:00,turbine_1,0.99
2026-01-21T12:00:00+00:00,turbine_2,0.99
2026-01-21T13:00:00+00:00,turbine_1,0.988333333333333
2026-01-21T13:00:00+00:00,turbine_2,0.99
2026-01-21T14:00:00+00:00,turbine_1,0.988333333333333
2026-01-21T14:00:00+00:00,turbine_2,0.986666666666667
2026-01-21T15:00:00+00:00,turbine_1,0.958333333333333
2026-01-21T15:00:00+00:00,turbine_2,0.975
2026-01-21T16:00:00+00:00,turbine_1,0.988333333333333
2026-01-21T16:00:00+00:00,turbine_2,0.985
2026-01-21T17:00:00+00:00,turbine_1,0.98
2026-01-21T17:00:00+00:00,turbine_2,0.986666666666667
2026-01-21T18:00:00+00:00,turbine_1,0.361666666666667
2026-01-21T18:00:00+00:00,turbine_2,0.281666666666667
2026-01-21T19:00:00+00:00,turbine_1,0.06
2026-01-21T19:00:00+00:00,turbine_2,0.053333333333333
2026-01-21T20:00:00+00:00,turbine_1,0.216666666666667
2026-01-21T20:00:00+00:00,turbine_2,0.171666666666667
2026-01-21T21:00:00+00:00,turbine_1,0.186666666666667
2026-01-21T21:00:00+00:00,turbine_2,0.2
2026-01-21T22:00:00+00:00,turbine_1,0.178333333333333
2026-01-21T22:00:00+00:00,turbine_2,0.158333333333333
2026-01-21T23:00:00+00:00,turbine_1,0.328333333333333
2026-01-21T23:00:00+00:00,turbine_2,0.315
2026-01-22T00:00:00+00:00,turbine_1,0.44
2026-01-22T00:00:00+00:00,turbine_2,0.475
2026-01-22T01:00:00+00:00,turbine_1,0.548333333333333
2026-01-22T01:00:00+00:00,turbine_2,0.52
2026-01-22T02:00:00+00:00,turbine_1,0.398333333333333
2026-01-22T02:00:00+00:00,turbine_2,0.385
2026-01-22T03:00:00+00:00,turbine_1,0.456666666666667
2026-01-22T03:00:00+00:00,turbine_2,0.428333333333333
2026-01-22T04:00:00+00:00,turbine_1,0.275
2026-01-22T04:00:00+00:00,turbine_2,0.151666666666667
2026-01-22T05:00:00+00:00,turbine_1,0.431666666666667
2026-01-22T05:00:00+00:00,turbine_2,0.298333333333333
2026-01-22T06:00:00+00:00,turbine_1,0.095
2026-01-22T06:00:00+00:00,turbine_2,0.09
2026-01-22T07:00:00+00:00,turbine_1,0.033333333333333
2026-01-22T07:00:00+00:00,turbine_2,0.026666666666667
2026-01-22T08:00:00+00:00,turbine_1,0.01
2026-01-22T08:00:00+00:00,turbine_2,0.01
2026-01-22T09:00:00+00:00,turbine_1,0.033333333333333
2026-01-22T09:00:00+00:00,turbine_2,0.028333333333333
2026-01-22T10:00:00+00:00,turbine_1,0.016666666666667
2026-01-22T10:00:00+00:00,turbine_2,0.016666666666667
2026-01-22T11:00:00+00:00,turbine_1,0.011666666666667
2026-01-22T11:00:00+00:00,turbine_2,0.01
2026-01-22T12:00:00+00:00,turbine_1,0.01
2026-01-22T12:00:00+00:00,turbine_2,0.008333333333333
2026-01-22T13:00:00+00:00,turbine_1,0.156666666666667
2026-01-22T13:00:00+00:00,turbine_2,0.148333333333333
2026-01-22T14:00:00+00:00,turbine_1,0.32
2026-01-22T14:00:00+00:00,turbine_2,0.328333333333333
2026-01-22T15:00:00+00:00,turbine_1,0.301666666666667
2026-01-22T15:00:00+00:00,turbine_2,0.321666666666667
2026-01-22T16:00:00+00:00,turbine_1,0.508333333333333
2026-01-22T16:00:00+00:00,turbine_2,0.495
2026-01-22T17:00:00+00:00,turbine_1,0.471666666666667
2026-01-22T17:00:00+00:00,turbine_2,0.511666666666667
2026-01-22T18:00:00+00:00,turbine_1,0.451666666666667
2026-01-22T18:00:00+00:00,turbine_2,0.468333333333333
2026-01-22T19:00:00+00:00,turbine_1,0.706666666666667
2026-01-22T19:00:00+00:00,turbine_2,0.773333333333333
2026-01-22T20:00:00+00:00,turbine_1,0.758333333333333
2026-01-22T20:00:00+00:00,turbine_2,0.818333333333333
2026-01-22T21:00:00+00:00,turbine_1,0.698333333333333
2026-01-22T21:00:00+00:00,turbine_2,0.698333333333333
2026-01-22T22:00:00+00:00,turbine_1,0.97
2026-01-22T22:00:00+00:00,turbine_2,0.965
2026-01-22T23:00:00+00:00,turbine_1,0.988333333333333
2026-01-22T23:00:00+00:00,turbine_2,0.978333333333333
2026-01-23T00:00:00+00:00,turbine_1,0.99
2026-01-23T00:00:00+00:00,turbine_2,0.981666666666667
2026-01-23T01:00:00+00:00,turbine_1,0.99
2026-01-23T01:00:00+00:00,turbine_2,0.985
2026-01-23T02:00:00+00:00,turbine_1,0.985
2026-01-23T02:00:00+00:00,turbine_2,0.981666666666667
2026-01-23T03:00:00+00:00,turbine_1,0.833333333333333
2026-01-23T03:00:00+00:00,turbine_2,0.831666666666667
2026-01-23T04:00:00+00:00,turbine_1,0.456666666666667
2026-01-23T04:00:00+00:00,turbine_2,0.466666666666667
2026-01-23T05:00:00+00:00,turbine_1,0.423333333333333
2026-01-23T05:00:00+00:00,turbine_2,0.433333333333333
2026-01-23T06:00:00+00:00,turbine_1,0.456666666666667
2026-01-23T06:00:00+00:00,turbine_2,0.466666666666667
2026-01-23T07:00:00+00:00,turbine_1,0.3
2026-01-23T07:00:00+00:00,turbine_2,0.311666666666667
2026-01-23T08:00:00+00:00,turbine_1,0.72
2026-01-23T08:00:00+00:00,turbine_2,0.71
2026-01-23T09:00:00+00:00,turbine_1,0.833333333333333
2026-01-23T09:00:00+00:00,turbine_2,0.848333333333333
2026-01-23T10:00:00+00:00,turbine_1,0.905
2026-01-23T10:00:00+00:00,turbine_2,0.92
2026-01-23T11:00:00+00:00,turbine_1,0.503333333333333
2026-01-23T11:00:00+00:00,turbine_2,0.476666666666667
2026-01-23T12:00:00+00:00,turbine_1,0.233333333333333
2026-01-23T12:00:00+00:00,turbine_2,0.25
2026-01-23T13:00:00+00:00,turbine_1,0.125
2026-01-23T13:00:00+00:00,turbine_2,0.128333333333333
2026-01-23T14:00:00+00:00,turbine_1,0.171666666666667
2026-01-23T14:00:00+00:00,turbine_2,0.168333333333333
2026-01-23T15:00:00+00:00,turbine_1,0.301666666666667
2026-01-23T15:00:00+00:00,turbine_2,0.315
2026-01-23T16:00:00+00:00,turbine_1,0.65
2026-01-23T16:00:00+00:00,turbine_2,0.653333333333333
2026-01-23T17:00:00+00:00,turbine_1,0.523333333333333
2026-01-23T17:00:00+00:00,turbine_2,0.543333333333333
2026-01-23T18:00:00+00:00,turbine_1,0.363333333333333
2026-01-23T18:00:00+00:00,turbine_2,0.383333333333333
2026-01-23T19:00:00+00:00,turbine_1,0.151666666666667
2026-01-23T19:00:00+00:00,turbine_2,0.153333333333333
2026-01-23T20:00:00+00:00,turbine_1,0.073333333333333
2026-01-23T20:00:00+00:00,turbine_2,0.071666666666667
2026-01-23T21:00:00+00:00,turbine_1,0.023333333333333
2026-01-23T21:00:00+00:00,turbine_2,0.023333333333333
2026-01-23T22:00:00+00:00,turbine_1,0.038333333333333
2026-01-23T22:00:00+00:00,turbine_2,0.038333333333333
2026-01-23T23:00:00+00:00,turbine_1,0.01
2026-01-23T23:00:00+00:00,turbine_2,0.01
2026-01-24T00:00:00+00:00,turbine_1,0.01
2026-01-24T00:00:00+00:00,turbine_2,0.01
2026-01-24T01:00:00+00:00,turbine_1,0.01
2026-01-24T01:00:00+00:00,turbine_2,0.011666666666667
2026-01-24T02:00:00+00:00,turbine_1,0.01
2026-01-24T02:00:00+00:00,turbine_2,0.01
2026-01-24T03:00:00+00:00,turbine_1,0.01
2026-01-24T03:00:00+00:00,turbine_2,0.01
2026-01-24T04:00:00+00:00,turbine_1,0.01
2026-01-24T04:00:00+00:00,turbine_2,0.01
2026-01-24T05:00:00+00:00,turbine_1,0.01
2026-01-24T05:00:00+00:00,turbine_2,0.01
2026-01-24T06:00:00+00:00,turbine_1,0.033333333333333
2026-01-24T06:00:00+00:00,turbine_2,0.018333333333333
2026-01-24T07:00:00+00:00,turbine_1,0.108333333333333
2026-01-24T07:00:00+00:00,turbine_2,0.036666666666667
2026-01-24T08:00:00+00:00,turbine_1,0.71
2026-01-24T08:00:00+00:00,turbine_2,0.115
2026-01-24T09:00:00+00:00,turbine_1,0.971666666666667
2026-01-24T09:00:00+00:00,turbine_2,0.01
2026-01-24T10:00:00+00:00,turbine_1,0.99
2026-01-24T10:00:00+00:00,turbine_2,0.44
2026-01-24T11:00:00+00:00,turbine_1,0.99
2026-01-24T11:00:00+00:00,turbine_2,0.98
2026-01-24T12:00:00+00:00,turbine_1,0.853333333333333
2026-01-24T12:00:00+00:00,turbine_2,0.623333333333333
2026-01-24T13:00:00+00:00,turbine_1,0.99
2026-01-24T13:00:00+00:00,turbine_2,0.98
2026-01-24T14:00:00+00:00,turbine_1,0.99
2026-01-24T14:00:00+00:00,turbine_2,0.981666666666667
2026-01-24T15:00:00+00:00,turbine_1,0.986666666666667
2026-01-24T15:00:00+00:00,turbine_2,0.99
2026-01-24T16:00:00+00:00,turbine_1,0.988333333333333
2026-01-24T16:00:00+00:00,turbine_2,0.985
2026-01-24T17:00:00+00:00,turbine_1,0.99
2026-01-24T17:00:00+00:00,turbine_2,0.99
2026-01-24T18:00:00+00:00,turbine_1,0.99
2026-01-24T18:00:00+00:00,turbine_2,0.99
2026-01-24T19:00:00+00:00,turbine_1,0.948333333333333
2026-01-24T19:00:00+00:00,turbine_2,0.99
2026-01-24T20:00:00+00:00,turbine_1,0.97
2026-01-24T20:00:00+00:00,turbine_2,0.955
2026-01-24T21:00:00+00:00,turbine_1,0.99
2026-01-24T21:00:00+00:00,turbine_2,0.99
2026-01-24T22:00:00+00:00,turbine_1,0.96
2026-01-24T22:00:00+00:00,turbine_2,0.99
2026-01-24T23:00:00+00:00,turbine_1,0.971666666666667
2026-01-24T23:00:00+00:00,turbine_2,0.988333333333333
2026-01-25T00:00:00+00:00,turbine_1,0.976666666666667
2026-01-25T00:00:00+00:00,turbine_2,0.965
2026-01-25T01:00:00+00:00,turbine_1,0.638333333333333
2026-01-25T01:00:00+00:00,turbine_2,0.55
2026-01-25T02:00:00+00:00,turbine_1,0.295
2026-01-25T02:00:00+00:00,turbine_2,0.238333333333333
2026-01-25T03:00:00+00:00,turbine_1,0.495
2026-01-25T03:00:00+00:00,turbine_2,0.49
2026-01-25T04:00:00+00:00,turbine_1,0.553333333333333
2026-01-25T04:00:00+00:00,turbine_2,0.595
2026-01-25T05:00:00+00:00,turbine_1,0.131666666666667
2026-01-25T05:00:00+00:00,turbine_2,0.141666666666667
2026-01-25T06:00:00+00:00,turbine_1,0.023333333333333
2026-01-25T06:00:00+00:00,turbine_2,0.023333333333333
2026-01-25T07:00:00+00:00,turbine_1,0.358333333333333
2026-01-25T07:00:00+00:00,turbine_2,0.373333333333333
2026-01-25T08:00:00+00:00,turbine_1,0.353333333333333
2026-01-25T08:00:00+00:00,turbine_2,0.37
2026-01-25T09:00:00+00:00,turbine_1,0.146666666666667
2026-01-25T09:00:00+00:00,turbine_2,0.131666666666667
2026-01-25T10:00:00+00:00,turbine_1,0.066666666666667
2026-01-25T10:00:00+00:00,turbine_2,0.07
2026-01-25T11:00:00+00:00,turbine_1,0.008333333333333
2026-01-25T11:00:00+00:00,turbine_2,0.005
2026-01-25T12:00:00+00:00,turbine_1,0.01
2026-01-25T12:00:00+00:00,turbine_2,0.01
2026-01-25T13:00:00+00:00,turbine_1,0.01
2026-01-25T13:00:00+00:00,turbine_2,0.008333333333333
2026-01-25T14:00:00+00:00,turbine_1,0.01
2026-01-25T14:00:00+00:00,turbine_2,0.01
2026-01-25T15:00:00+00:00,turbine_1,0.01
2026-01-25T15:00:00+00:00,turbine_2,0.01
2026-01-25T16:00:00+00:00,turbine_1,0.01
2026-01-25T16:00:00+00:00,turbine_2,0.01
2026-01-25T17:00:00+00:00,turbine_1,0.01
2026-01-25T17:00:00+00:00,turbine_2,0.01
2026-01-25T18:00:00+00:00,turbine_1,0.01
2026-01-25T18:00:00+00:00,turbine_2,0.01
2026-01-25T19:00:00+00:00,turbine_1,0.036666666666667
2026-01-25T19:00:00+00:00,turbine_2,0.033333333333333
2026-01-25T20:00:00+00:00,turbine_1,0.148333333333333
2026-01-25T20:00:00+00:00,turbine_2,0.133333333333333
2026-01-25T21:00:00+00:00,turbine_1,0.201666666666667
2026-01-25T21:00:00+00:00,turbine_2,0.215
2026-01-25T22:00:00+00:00,turbine_1,0.336666666666667
2026-01-25T22:00:00+00:00,turbine_2,0.326666666666667
2026-01-25T23:00:00+00:00,turbine_1,0.61
2026-01-25T23:00:00+00:00,turbine_2,0.541666666666667
2026-01-26T00:00:00+00:00,turbine_1,0.268333333333333
2026-01-26T00:00:00+00:00,turbine_2,0.22
2026-01-26T01:00:00+00:00,turbine_1,0.228333333333333
2026-01-26T01:00:00+00:00,turbine_2,0.181666666666667
2026-01-26T02:00:00+00:00,turbine_1,0.295
2026-01-26T02:00:00+00:00,turbine_2,0.306666666666667
2026-01-26T03:00:00+00:00,turbine_1,0.306666666666667
2026-01-26T03:00:00+00:00,turbine_2,0.318333333333333
2026-01-26T04:00:00+00:00,turbine_1,0.276666666666667
2026-01-26T04:00:00+00:00,turbine_2,0.22
2026-01-26T05:00:00+00:00,turbine_1,0.603333333333333
2026-01-26T05:00:00+00:00,turbine_2,0.53
2026-01-26T06:00:00+00:00,turbine_1,0.291666666666667
2026-01-26T06:00:00+00:00,turbine_2,0.27
2026-01-26T07:00:00+00:00,turbine_1,0.273333333333333
2026-01-26T07:00:00+00:00,turbine_2,0.201666666666667
2026-01-26T08:00:00+00:00,turbine_1,0.313333333333333
2026-01-26T08:00:00+00:00,turbine_2,0.186666666666667
2026-01-26T09:00:00+00:00,turbine_1,0.238333333333333
2026-01-26T09:00:00+00:00,turbine_2,0.24
2026-01-26T10:00:00+00:00,turbine_1,0.243333333333333
2026-01-26T10:00:00+00:00,turbine_2,0.245
2026-01-26T11:00:00+00:00,turbine_1,0.476666666666667
2026-01-26T11:00:00+00:00,turbine_2,0.508333333333333
2026-01-26T12:00:00+00:00,turbine_1,0.798333333333333
2026-01-26T12:00:00+00:00,turbine_2,0.846666666666667
2026-01-26T13:00:00+00:00,turbine_1,0.793333333333333
2026-01-26T13:00:00+00:00,turbine_2,0.796666666666667
2026-01-26T14:00:00+00:00,turbine_1,0.76
2026-01-26T14:00:00+00:00,turbine_2,0.75
2026-01-26T15:00:00+00:00,turbine_1,0.671666666666667
2026-01-26T15:00:00+00:00,turbine_2,0.738333333333333
2026-01-26T16:00:00+00:00,turbine_1,0.613333333333333
2026-01-26T16:00:00+00:00,turbine_2,0.701666666666667
2026-01-26T17:00:00+00:00,turbine_1,0.4
2026-01-26T17:00:00+00:00,turbine_2,0.483333333333333
2026-01-26T18:00:00+00:00,turbine_1,0.5
2026-01-26T18:00:00+00:00,turbine_2,0.62
2026-01-26T19:00:00+00:00,turbine_1,0.775
2026-01-26T19:00:00+00:00,turbine_2,0.871666666666667
2026-01-26T20:00:00+00:00,turbine_1,0.298333333333333
2026-01-26T20:00:00+00:00,turbine_2,0.366666666666667
2026-01-26T21:00:00+00:00,turbine_1,0.168333333333333
2026-01-26T21:00:00+00:00,turbine_2,0.166666666666667
2026-01-26T22:00:00+00:00,turbine_1,0.698333333333333
2026-01-26T22:00:00+00:00,turbine_2,0.676666666666667
2026-01-26T23:00:00+00:00,turbine_1,0.9
2026-01-26T23:00:00+00:00,turbine_2,0.926666666666667
2026-01-27T00:00:00+00:00,turbine_1,0.65
2026-01-27T00:00:00+00:00,turbine_2,0.705
2026-01-27T01:00:00+00:00,turbine_1,0.623333333333333
2026-01-27T01:00:00+00:00,turbine_2,0.626666666666667
2026-01-27T02:00:00+00:00,turbine_1,0.48
2026-01-27T02:00:00+00:00,turbine_2,0.49
2026-01-27T03:00:00+00:00,turbine_1,0.935
2026-01-27T03:00:00+00:00,turbine_2,0.935
2026-01-27T04:00:00+00:00,turbine_1,0.685
2026-01-27T04:00:00+00:00,turbine_2,0.673333333333333
2026-01-27T05:00:00+00:00,turbine_1,0.406666666666667
2026-01-27T05:00:00+00:00,turbine_2,0.288333333333333
2026-01-27T06:00:00+00:00,turbine_1,0.031666666666667
2026-01-27T06:00:00+00:00,turbine_2,0.028333333333333
2026-01-27T07:00:00+00:00,turbine_1,0.013333333333333
2026-01-27T07:00:00+00:00,turbine_2,0.013333333333333
2026-01-27T08:00:00+00:00,turbine_1,0.01
2026-01-27T08:00:00+00:00,turbine_2,0.01
2026-01-27T09:00:00+00:00,turbine_1,0.01
2026-01-27T09:00:00+00:00,turbine_2,0.008333333333333
2026-01-27T10:00:00+00:00,turbine_1,0.01
2026-01-27T10:00:00+00:00,turbine_2,0.01
2026-01-27T11:00:00+00:00,turbine_1,0.01
2026-01-27T11:00:00+00:00,turbine_2,0.01
2026-01-27T12:00:00+00:00,turbine_1,0.01
2026-01-27T12:00:00+00:00,turbine_2,0.01
2026-01-27T13:00:00+00:00,turbine_1,0.01
2026-01-27T13:00:00+00:00,turbine_2,0.01
2026-01-27T14:00:00+00:00,turbine_1,0.01
2026-01-27T14:00:00+00:00,turbine_2,0.01
2026-01-27T15:00:00+00:00,turbine_1,0.01
2026-01-27T15:00:00+00:00,turbine_2,0.01
2026-01-27T16:00:00+00:00,turbine_1,0.01
2026-01-27T16:00:00+00:00,turbine_2,0.01
2026-01-27T17:00:00+00:00,turbine_1,0.01
2026-01-27T17:00:00+00:00,turbine_2,0.01
2026-01-27T18:00:00+00:00,turbine_1,0.01
2026-01-27T18:00:00+00:00,turbine_2,0.01
2026-01-27T19:00:00+00:00,turbine_1,0.01
2026-01-27T19:00:00+00:00,turbine_2,0.01
2026-01-27T20:00:00+00:00,turbine_1,0.016666666666667
2026-01-27T20:00:00+00:00,turbine_2,0.013333333333333
2026-01-27T21:00:00+00:00,turbine_1,0.008333333333333
2026-01-27T21:00:00+00:00,turbine_2,0.006666666666667
2026-01-27T22:00:00+00:00,turbine_1,0.01
2026-01-27T22:00:00+00:00,turbine_2,0.008333333333333
2026-01-27T23:00:00+00:00,turbine_1,0.01
2026-01-27T23:00:00+00:00,turbine_2,0.01
2026-01-28T00:00:00+00:00,turbine_1,0.01
2026-01-28T00:00:00+00:00,turbine_2,0.01
2026-01-28T01:00:00+00:00,turbine_1,0.01
2026-01-28T01:00:00+00:00,turbine_2,0.01
2026-01-28T02:00:00+00:00,turbine_1,0.01
2026-01-28T02:00:00+00:00,turbine_2,0.01
2026-01-28T03:00:00+00:00,turbine_1,0.01
2026-01-28T03:00:00+00:00,turbine_2,0.01
2026-01-28T04:00:00+00:00,turbine_1,0.01
2026-01-28T04:00:00+00:00,turbine_2,0.01
2026-01-28T05:00:00+00:00,turbine_1,0.01
2026-01-28T05:00:00+00:00,turbine_2,0.01
2026-01-28T06:00:00+00:00,turbine_1,0.01
2026-01-28T06:00:00+00:00,turbine_2,0.008333333333333
2026-01-28T07:00:00+00:00,turbine_1,0.036666666666667
2026-01-28T07:00:00+00:00,turbine_2,0.03
2026-01-28T08:00:00+00:00,turbine_1,0.04
2026-01-28T08:00:00+00:00,turbine_2,0.031666666666667
2026-01-28T09:00:00+00:00,turbine_1,0.01
2026-01-28T09:00:00+00:00,turbine_2,0.01
2026-01-28T10:00:00+00:00,turbine_1,0.01
2026-01-28T10:00:00+00:00,turbine_2,0.01
2026-01-28T11:00:00+00:00,turbine_1,0.01
2026-01-28T11:00:00+00:00,turbine_2,0.01
2026-01-28T12:00:00+00:00,turbine_1,0.01
2026-01-28T12:00:00+00:00,turbine_2,0.01
2026-01-28T13:00:00+00:00,turbine_1,0.01
2026-01-28T13:00:00+00:00,turbine_2,0.01
2026-01-28T14:00:00+00:00,turbine_1,0.01
2026-01-28T14:00:00+00:00,turbine_2,0.01
2026-01-28T15:00:00+00:00,turbine_1,0.01
2026-01-28T15:00:00+00:00,turbine_2,0.051666666666667
2026-01-28T16:00:00+00:00,turbine_1,0.01
2026-01-28T16:00:00+00:00,turbine_2,0.125
2026-01-28T17:00:00+00:00,turbine_1,0.078333333333333
2026-01-28T17:00:00+00:00,turbine_2,0.208333333333333
2026-01-28T18:00:00+00:00,turbine_1,0.171666666666667
2026-01-28T18:00:00+00:00,turbine_2,0.148333333333333
2026-01-28T19:00:00+00:00,turbine_1,0.495
2026-01-28T19:00:00+00:00,turbine_2,0.478333333333333
2026-01-28T20:00:00+00:00,turbine_1,0.718333333333333
2026-01-28T20:00:00+00:00,turbine_2,0.703333333333333
2026-01-28T21:00:00+00:00,turbine_1,0.458333333333333
2026-01-28T21:00:00+00:00,turbine_2,0.493333333333333
2026-01-28T22:00:00+00:00,turbine_1,0.318333333333333
2026-01-28T22:00:00+00:00,turbine_2,0.34
2026-01-28T23:00:00+00:00,turbine_1,0.228333333333333
2026-01-28T23:00:00+00:00,turbine_2,0.203333333333333
2026-01-29T00:00:00+00:00,turbine_1,0.271666666666667
2026-01-29T00:00:00+00:00,turbine_2,0.265
2026-01-29T01:00:00+00:00,turbine_1,0.14
2026-01-29T01:00:00+00:00,turbine_2,0.14
2026-01-29T02:00:00+00:00,turbine_1,0.2
2026-01-29T02:00:00+00:00,turbine_2,0.195
2026-01-29T03:00:00+00:00,turbine_1,0.236666666666667
2026-01-29T03:00:00+00:00,turbine_2,0.208333333333333
2026-01-29T04:00:00+00:00,turbine_1,0.17
2026-01-29T04:00:00+00:00,turbine_2,0.156666666666667
2026-01-29T05:00:00+00:00,turbine_1,0.043333333333333
2026-01-29T05:00:00+00:00,turbine_2,0.03
2026-01-29T06:00:00+00:00,turbine_1,0.015
2026-01-29T06:00:00+00:00,turbine_2,0.01
2026-01-29T07:00:00+00:00,turbine_1,0.011666666666667
2026-01-29T07:00:00+00:00,turbine_2,0.011666666666667
2026-01-29T08:00:00+00:00,turbine_1,0.01
2026-01-29T08:00:00+00:00,turbine_2,0.01
2026-01-29T09:00:00+00:00,turbine_1,0.025
2026-01-29T09:00:00+00:00,turbine_2,0.02
2026-01-29T10:00:00+00:00,turbine_1,0.038333333333333
2026-01-29T10:00:00+00:00,turbine_2,0.04
2026-01-29T11:00:00+00:00,turbine_1,0.016666666666667
2026-01-29T11:00:00+00:00,turbine_2,0.011666666666667
2026-01-29T12:00:00+00:00,turbine_1,0.213333333333333
2026-01-29T12:00:00+00:00,turbine_2,0.201666666666667
2026-01-29T13:00:00+00:00,turbine_1,0.655
2026-01-29T13:00:00+00:00,turbine_2,0.725
2026-01-29T14:00:00+00:00,turbine_1,0.866666666666667
2026-01-29T14:00:00+00:00,turbine_2,0.851666666666667
2026-01-29T15:00:00+00:00,turbine_1,0.833333333333333
2026-01-29T15:00:00+00:00,turbine_2,0.876666666666667
2026-01-29T16:00:00+00:00,turbine_1,0.936666666666667
2026-01-29T16:00:00+00:00,turbine_2,0.961666666666666
2026-01-29T17:00:00+00:00,turbine_1,0.958333333333333
2026-01-29T17:00:00+00:00,turbine_2,0.97
2026-01-29T18:00:00+00:00,turbine_1,0.888333333333333
2026-01-29T18:00:00+00:00,turbine_2,0.918333333333333
2026-01-29T19:00:00+00:00,turbine_1,0.911666666666667
2026-01-29T19:00:00+00:00,turbine_2,0.933333333333333
2026-01-29T20:00:00+00:00,turbine_1,0.981666666666667
2026-01-29T20:00:00+00:00,turbine_2,0.983333333333333
2026-01-29T21:00:00+00:00,turbine_1,0.99
2026-01-29T21:00:00+00:00,turbine_2,0.99
2026-01-29T22:00:00+00:00,turbine_1,0.99
2026-01-29T22:00:00+00:00,turbine_2,0.99
2026-01-29T23:00:00+00:00,turbine_1,0.99
2026-01-29T23:00:00+00:00,turbine_2,0.99
2026-01-30T00:00:00+00:00,turbine_1,0.846666666666667
2026-01-30T00:00:00+00:00,turbine_2,0.838333333333333
2026-01-30T01:00:00+00:00,turbine_1,0.675
2026-01-30T01:00:00+00:00,turbine_2,0.683333333333333
2026-01-30T02:00:00+00:00,turbine_1,0.696666666666667
2026-01-30T02:00:00+00:00,turbine_2,0.665
2026-01-30T03:00:00+00:00,turbine_1,0.466666666666667
2026-01-30T03:00:00+00:00,turbine_2,0.501666666666667
2026-01-30T04:00:00+00:00,turbine_1,0.401666666666667
2026-01-30T04:00:00+00:00,turbine_2,0.416666666666667
2026-01-30T05:00:00+00:00,turbine_1,0.701666666666667
2026-01-30T05:00:00+00:00,turbine_2,0.76
2026-01-30T06:00:00+00:00,turbine_1,0.713333333333333
2026-01-30T06:00:00+00:00,turbine_2,0.685
2026-01-30T07:00:00+00:00,turbine_1,0.551666666666667
2026-01-30T07:00:00+00:00,turbine_2,0.495
2026-01-30T08:00:00+00:00,turbine_1,0.571666666666667
2026-01-30T08:00:00+00:00,turbine_2,0.523333333333333
2026-01-30T09:00:00+00:00,turbine_1,0.798333333333333
2026-01-30T09:00:00+00:00,turbine_2,0.798333333333333
2026-01-30T10:00:00+00:00,turbine_1,0.941666666666667
2026-01-30T10:00:00+00:00,turbine_2,0.946666666666667
2026-01-30T11:00:00+00:00,turbine_1,0.96
2026-01-30T11:00:00+00:00,turbine_2,0.971666666666667
2026-01-30T12:00:00+00:00,turbine_1,0.975
2026-01-30T12:00:00+00:00,turbine_2,0.976666666666667
2026-01-30T13:00:00+00:00,turbine_1,0.983333333333333
2026-01-30T13:00:00+00:00,turbine_2,0.985
2026-01-30T14:00:00+00:00,turbine_1,0.945
2026-01-30T14:00:00+00:00,turbine_2,0.973333333333333
2026-01-30T15:00:00+00:00,turbine_1,0.963333333333333
2026-01-30T15:00:00+00:00,turbine_2,0.966666666666667
2026-01-30T16:00:00+00:00,turbine_1,0.93
2026-01-30T16:00:00+00:00,turbine_2,0.968333333333333
2026-01-30T17:00:00+00:00,turbine_1,0.961666666666666
2026-01-30T17:00:00+00:00,turbine_2,0.985
2026-01-30T18:00:00+00:00,turbine_1,0.746666666666667
2026-01-30T18:00:00+00:00,turbine_2,0.788333333333334
2026-01-30T19:00:00+00:00,turbine_1,0.75
2026-01-30T19:00:00+00:00,turbine_2,0.82
2026-01-30T20:00:00+00:00,turbine_1,0.54
2026-01-30T20:00:00+00:00,turbine_2,0.603333333333333
2026-01-30T21:00:00+00:00,turbine_1,0.461666666666667
2026-01-30T21:00:00+00:00,turbine_2,0.578333333333333
2026-01-30T22:00:00+00:00,turbine_1,0.29
2026-01-30T22:00:00+00:00,turbine_2,0.263333333333333
2026-01-30T23:00:00+00:00,turbine_1,0.155
2026-01-30T23:00:00+00:00,turbine_2,0.145
